[
  {
    "numReferencia": 11,
    "fechaEmision": "20-may-2024",
    "horaEmision": "20::may::2024 13::53::51",
    "cliente": {
      "gasto": 4762.19,
      "dni": "3096174C",
      "nombre": "Natalia Gómez",
      "direccion": {
        "codigoPostal": "28021",
        "nombreCalle": "Calle del Suspiro",
        "numeroCalle": 83
      }
    },
    "precioTotal": 27.68,
    "productosFactura": [
      {
        "nombre": "Conservas",
        "codigoProducto": 188,
        "categoria": "Alimentación",
        "precio": 1.15
      },
      {
        "nombre": "Conservas",
        "codigoProducto": 124,
        "categoria": "Alimentación",
        "precio": 1.12
      },
      {
        "nombre": "Cinta métrica",
        "codigoProducto": 89,
        "categoria": "Ferreteria",
        "precio": 14.27
      }
    ]
  },
  {
    "numReferencia": 6,
    "fechaEmision": "20-may-2024",
    "horaEmision": "20::may::2024 13::53::51",
    "cliente": {
      "gasto": 2657.86,
      "dni": "4095991N",
      "nombre": "Ana López",
      "direccion": {
        "codigoPostal": "28040",
        "nombreCalle": "Calle del Encuentro",
        "numeroCalle": 38
      }
    },
    "precioTotal": 60.82,
    "productosFactura": [
      {
        "nombre": "Pelota",
        "codigoProducto": 11,
        "categoria": "Juguetes",
        "precio": 28.18
      },
      {
        "nombre": "Detergente",
        "codigoProducto": 129,
        "categoria": "Limpieza",
        "precio": 2.58
      },
      {
        "nombre": "Detergente",
        "codigoProducto": 56,
        "categoria": "Limpieza",
        "precio": 4.14
      },
      {
        "nombre": "Martillo",
        "codigoProducto": 135,
        "categoria": "Ferreteria",
        "precio": 12.61
      }
    ]
  },
  {
    "numReferencia": 10,
    "fechaEmision": "20-may-2024",
    "horaEmision": "20::may::2024 13::53::51",
    "cliente": {
      "gasto": 3997.4,
      "dni": "8637077A",
      "nombre": "María González",
      "direccion": {
        "codigoPostal": "28076",
        "nombreCalle": "Calle del Despertar",
        "numeroCalle": 283
      }
    },
    "precioTotal": 31.18,
    "productosFactura": [
      {
        "nombre": "Esponjas",
        "codigoProducto": 161,
        "categoria": "Limpieza",
        "precio": 3.58
      },
      {
        "nombre": "Clavos",
        "codigoProducto": 75,
        "categoria": "Ferreteria",
        "precio": 14.99
      },
      {
        "nombre": "Aceite de oliva",
        "codigoProducto": 149,
        "categoria": "Alimentación",
        "precio": 2.23
      },
      {
        "nombre": "Arroz",
        "codigoProducto": 126,
        "categoria": "Alimentación",
        "precio": 4.63
      },
      {
        "nombre": "Desinfectante",
        "codigoProducto": 82,
        "categoria": "Limpieza",
        "precio": 4.73
      }
    ]
  },
  {
    "numReferencia": 16,
    "fechaEmision": "20-may-2024",
    "horaEmision": "20::may::2024 13::53::51",
    "cliente": {
      "gasto": 1167.95,
      "dni": "8936546Q",
      "nombre": "José Martínez",
      "direccion": {
        "codigoPostal": "28069",
        "nombreCalle": "Calle de la Alegría",
        "numeroCalle": 140
      }
    },
    "precioTotal": 70.28,
    "productosFactura": [
      {
        "nombre": "Pasta",
        "codigoProducto": 182,
        "categoria": "Alimentación",
        "precio": 2.05
      },
      {
        "nombre": "Aceite de oliva",
        "codigoProducto": 51,
        "categoria": "Alimentación",
        "precio": 3.43
      },
      {
        "nombre": "Clavos",
        "codigoProducto": 194,
        "categoria": "Ferreteria",
        "precio": 14.24
      },
      {
        "nombre": "Tornillos",
        "codigoProducto": 13,
        "categoria": "Ferreteria",
        "precio": 10.58
      },
      {
        "nombre": "Esponjas",
        "codigoProducto": 171,
        "categoria": "Limpieza",
        "precio": 4.69
      },
      {
        "nombre": "Pasta",
        "codigoProducto": 82,
        "categoria": "Alimentación",
        "precio": 2.49
      },
      {
        "nombre": "Arroz",
        "codigoProducto": 111,
        "categoria": "Alimentación",
        "precio": 2.46
      },
      {
        "nombre": "Aceite de oliva",
        "codigoProducto": 9,
        "categoria": "Alimentación",
        "precio": 3.6
      }
    ]
  },
  {
    "numReferencia": 30,
    "fechaEmision": "20-may-2024",
    "horaEmision": "20::may::2024 13::53::51",
    "cliente": {
      "gasto": 2930.01,
      "dni": "3878309U",
      "nombre": "María García",
      "direccion": {
        "codigoPostal": "28074",
        "nombreCalle": "Calle del Eco",
        "numeroCalle": 36
      }
    },
    "precioTotal": 4.33,
    "productosFactura": [
      {
        "nombre": "Arroz",
        "codigoProducto": 119,
        "categoria": "Alimentación",
        "precio": 2.35
      }
    ]
  },
  {
    "numReferencia": 49,
    "fechaEmision": "20-may-2024",
    "horaEmision": "20::may::2024 13::53::51",
    "cliente": {
      "gasto": 8019.67,
      "dni": "3807716K",
      "nombre": "Gonzalo Torres",
      "direccion": {
        "codigoPostal": "28026",
        "nombreCalle": "Calle del Encuentro",
        "numeroCalle": 87
      }
    },
    "precioTotal": 78.47,
    "productosFactura": [
      {
        "nombre": "Bolsas de basura",
        "codigoProducto": 106,
        "categoria": "Limpieza",
        "precio": 3.2
      },
      {
        "nombre": "Arroz",
        "codigoProducto": 14,
        "categoria": "Alimentación",
        "precio": 3.99
      },
      {
        "nombre": "Martillo",
        "codigoProducto": 80,
        "categoria": "Ferreteria",
        "precio": 14.44
      },
      {
        "nombre": "Limpiavidrios",
        "codigoProducto": 155,
        "categoria": "Limpieza",
        "precio": 3.82
      },
      {
        "nombre": "Martillo",
        "codigoProducto": 30,
        "categoria": "Ferreteria",
        "precio": 10.17
      },
      {
        "nombre": "Harina",
        "codigoProducto": 127,
        "categoria": "Alimentación",
        "precio": 4.78
      }
    ]
  },
  {
    "numReferencia": 41,
    "fechaEmision": "20-may-2024",
    "horaEmision": "20::may::2024 13::53::51",
    "cliente": {
      "gasto": 3292.43,
      "dni": "9223507G",
      "nombre": "Francisco Sánchez",
      "direccion": {
        "codigoPostal": "28071",
        "nombreCalle": "Avenida del Arcoíris",
        "numeroCalle": 199
      }
    },
    "precioTotal": 42.89,
    "productosFactura": [
      {
        "nombre": "Conservas",
        "codigoProducto": 6,
        "categoria": "Alimentación",
        "precio": 2.69
      },
      {
        "nombre": "Bolsas de basura",
        "codigoProducto": 11,
        "categoria": "Limpieza",
        "precio": 4.83
      },
      {
        "nombre": "Esponjas",
        "codigoProducto": 39,
        "categoria": "Limpieza",
        "precio": 4.06
      },
      {
        "nombre": "Limpiavidrios",
        "codigoProducto": 174,
        "categoria": "Limpieza",
        "precio": 4.48
      }
    ]
  },
  {
    "numReferencia": 42,
    "fechaEmision": "20-may-2024",
    "horaEmision": "20::may::2024 13::53::51",
    "cliente": {
      "gasto": 4601.72,
      "dni": "8742773Q",
      "nombre": "Pedro Martínez",
      "direccion": {
        "codigoPostal": "28037",
        "nombreCalle": "Avenida de la Aurora",
        "numeroCalle": 105
      }
    },
    "precioTotal": 76.68,
    "productosFactura": [
      {
        "nombre": "Bolsas de basura",
        "codigoProducto": 0,
        "categoria": "Limpieza",
        "precio": 4.15
      },
      {
        "nombre": "Limpiavidrios",
        "codigoProducto": 133,
        "categoria": "Limpieza",
        "precio": 4.34
      },
      {
        "nombre": "Clavos",
        "codigoProducto": 23,
        "categoria": "Ferreteria",
        "precio": 13.24
      },
      {
        "nombre": "Arroz",
        "codigoProducto": 156,
        "categoria": "Alimentación",
        "precio": 1.28
      }
    ]
  },
  {
    "numReferencia": 22,
    "fechaEmision": "20-may-2024",
    "horaEmision": "20::may::2024 13::53::51",
    "cliente": {
      "gasto": 688.54,
      "dni": "8891767R",
      "nombre": "Antonio Jiménez",
      "direccion": {
        "codigoPostal": "28072",
        "nombreCalle": "Calle de las Mariposas",
        "numeroCalle": 273
      }
    },
    "precioTotal": 65.4,
    "productosFactura": [
      {
        "nombre": "Destornillador",
        "codigoProducto": 50,
        "categoria": "Ferreteria",
        "precio": 13.49
      },
      {
        "nombre": "Pelota",
        "codigoProducto": 98,
        "categoria": "Juguetes",
        "precio": 23.27
      },
      {
        "nombre": "Pelota",
        "codigoProducto": 21,
        "categoria": "Juguetes",
        "precio": 24.17
      },
      {
        "nombre": "Coche de juguete",
        "codigoProducto": 126,
        "categoria": "Juguetes",
        "precio": 27.36
      }
    ]
  },
  {
    "numReferencia": 47,
    "fechaEmision": "20-may-2024",
    "horaEmision": "20::may::2024 13::53::51",
    "cliente": {
      "gasto": 4823.11,
      "dni": "6992489U",
      "nombre": "Carmen Ruiz",
      "direccion": {
        "codigoPostal": "28038",
        "nombreCalle": "Calle del Suspiro",
        "numeroCalle": 21
      }
    },
    "precioTotal": 3.6,
    "productosFactura": [
      {
        "nombre": "Tornillos",
        "codigoProducto": 37,
        "categoria": "Ferreteria",
        "precio": 12.83
      }
    ]
  },
  {
    "numReferencia": 46,
    "fechaEmision": "20-may-2024",
    "horaEmision": "20::may::2024 13::53::51",
    "cliente": {
      "gasto": 8136.93,
      "dni": "3187726E",
      "nombre": "Isabel Alonso",
      "direccion": {
        "codigoPostal": "28045",
        "nombreCalle": "Avenida de los Recuerdos",
        "numeroCalle": 77
      }
    },
    "precioTotal": 72.67000000000002,
    "productosFactura": [
      {
        "nombre": "Bolsas de basura",
        "codigoProducto": 7,
        "categoria": "Limpieza",
        "precio": 3.68
      },
      {
        "nombre": "Destornillador",
        "codigoProducto": 53,
        "categoria": "Ferreteria",
        "precio": 14.54
      },
      {
        "nombre": "Conservas",
        "codigoProducto": 138,
        "categoria": "Alimentación",
        "precio": 1.27
      },
      {
        "nombre": "Arroz",
        "codigoProducto": 88,
        "categoria": "Alimentación",
        "precio": 2.31
      },
      {
        "nombre": "Bolsas de basura",
        "codigoProducto": 53,
        "categoria": "Limpieza",
        "precio": 2.49
      }
    ]
  },
  {
    "numReferencia": 3,
    "fechaEmision": "20-may-2024",
    "horaEmision": "20::may::2024 13::53::51",
    "cliente": {
      "gasto": 7117.73,
      "dni": "7493240J",
      "nombre": "Carlos Sánchez",
      "direccion": {
        "codigoPostal": "28053",
        "nombreCalle": "Avenida de la Aurora",
        "numeroCalle": 57
      }
    },
    "precioTotal": 47.489999999999995,
    "productosFactura": [
      {
        "nombre": "Desinfectante",
        "codigoProducto": 196,
        "categoria": "Limpieza",
        "precio": 4.55
      },
      {
        "nombre": "Destornillador",
        "codigoProducto": 185,
        "categoria": "Ferreteria",
        "precio": 13.11
      },
      {
        "nombre": "Muñeca",
        "codigoProducto": 77,
        "categoria": "Juguetes",
        "precio": 25.66
      },
      {
        "nombre": "Coche de juguete",
        "codigoProducto": 187,
        "categoria": "Juguetes",
        "precio": 27.63
      },
      {
        "nombre": "Martillo",
        "codigoProducto": 109,
        "categoria": "Ferreteria",
        "precio": 12.59
      }
    ]
  },
  {
    "numReferencia": 8,
    "fechaEmision": "20-may-2024",
    "horaEmision": "20::may::2024 13::53::51",
    "cliente": {
      "gasto": 3904.27,
      "dni": "6309525S",
      "nombre": "Rosa Martínez",
      "direccion": {
        "codigoPostal": "28013",
        "nombreCalle": "Calle del Despertar",
        "numeroCalle": 66
      }
    },
    "precioTotal": 111.46000000000002,
    "productosFactura": [
      {
        "nombre": "Conservas",
        "codigoProducto": 17,
        "categoria": "Alimentación",
        "precio": 2.59
      },
      {
        "nombre": "Clavos",
        "codigoProducto": 105,
        "categoria": "Ferreteria",
        "precio": 10.32
      },
      {
        "nombre": "Pasta",
        "codigoProducto": 153,
        "categoria": "Alimentación",
        "precio": 2.12
      },
      {
        "nombre": "Esponjas",
        "codigoProducto": 28,
        "categoria": "Limpieza",
        "precio": 3.94
      },
      {
        "nombre": "Pasta",
        "codigoProducto": 153,
        "categoria": "Alimentación",
        "precio": 1.86
      },
      {
        "nombre": "Destornillador",
        "codigoProducto": 193,
        "categoria": "Ferreteria",
        "precio": 10.36
      },
      {
        "nombre": "Tornillos",
        "codigoProducto": 93,
        "categoria": "Ferreteria",
        "precio": 14.91
      },
      {
        "nombre": "Bolsas de basura",
        "codigoProducto": 87,
        "categoria": "Limpieza",
        "precio": 3.7
      }
    ]
  },
  {
    "numReferencia": 24,
    "fechaEmision": "20-may-2024",
    "horaEmision": "20::may::2024 13::53::51",
    "cliente": {
      "gasto": 3245.53,
      "dni": "7707667F",
      "nombre": "Sofía Hernández",
      "direccion": {
        "codigoPostal": "28026",
        "nombreCalle": "Calle del Destino",
        "numeroCalle": 53
      }
    },
    "precioTotal": 0.0,
    "productosFactura": []
  },
  {
    "numReferencia": 16,
    "fechaEmision": "20-may-2024",
    "horaEmision": "20::may::2024 13::53::51",
    "cliente": {
      "gasto": 9870.53,
      "dni": "2588425K",
      "nombre": "Claudia Torres",
      "direccion": {
        "codigoPostal": "28076",
        "nombreCalle": "Calle del Destino",
        "numeroCalle": 247
      }
    },
    "precioTotal": 3.68,
    "productosFactura": [
      {
        "nombre": "Destornillador",
        "codigoProducto": 152,
        "categoria": "Ferreteria",
        "precio": 14.82
      }
    ]
  },
  {
    "numReferencia": 4,
    "fechaEmision": "20-may-2024",
    "horaEmision": "20::may::2024 13::53::51",
    "cliente": {
      "gasto": 9272.32,
      "dni": "7951952Z",
      "nombre": "Valeria Pérez",
      "direccion": {
        "codigoPostal": "28028",
        "nombreCalle": "Avenida de la Aurora",
        "numeroCalle": 53
      }
    },
    "precioTotal": 50.78,
    "productosFactura": [
      {
        "nombre": "Detergente",
        "codigoProducto": 82,
        "categoria": "Limpieza",
        "precio": 4.54
      },
      {
        "nombre": "Esponjas",
        "codigoProducto": 151,
        "categoria": "Limpieza",
        "precio": 2.51
      },
      {
        "nombre": "Tornillos",
        "codigoProducto": 191,
        "categoria": "Ferreteria",
        "precio": 11.34
      },
      {
        "nombre": "Aceite de oliva",
        "codigoProducto": 39,
        "categoria": "Alimentación",
        "precio": 4.78
      },
      {
        "nombre": "Clavos",
        "codigoProducto": 24,
        "categoria": "Ferreteria",
        "precio": 10.56
      }
    ]
  },
  {
    "numReferencia": 15,
    "fechaEmision": "20-may-2024",
    "horaEmision": "20::may::2024 13::53::51",
    "cliente": {
      "gasto": 9444.08,
      "dni": "8023088X",
      "nombre": "Eva García",
      "direccion": {
        "codigoPostal": "28078",
        "nombreCalle": "Calle del Eco",
        "numeroCalle": 23
      }
    },
    "precioTotal": 0.0,
    "productosFactura": []
  },
  {
    "numReferencia": 15,
    "fechaEmision": "20-may-2024",
    "horaEmision": "20::may::2024 13::53::51",
    "cliente": {
      "gasto": 8258.19,
      "dni": "5045695T",
      "nombre": "Jorge López",
      "direccion": {
        "codigoPostal": "28075",
        "nombreCalle": "Calle del Suspiro",
        "numeroCalle": 189
      }
    },
    "precioTotal": 20.839999999999996,
    "productosFactura": [
      {
        "nombre": "Coche de juguete",
        "codigoProducto": 162,
        "categoria": "Juguetes",
        "precio": 26.54
      },
      {
        "nombre": "Aceite de oliva",
        "codigoProducto": 103,
        "categoria": "Alimentación",
        "precio": 3.63
      },
      {
        "nombre": "Puzzle",
        "codigoProducto": 167,
        "categoria": "Juguetes",
        "precio": 24.59
      },
      {
        "nombre": "Bolsas de basura",
        "codigoProducto": 190,
        "categoria": "Limpieza",
        "precio": 2.01
      },
      {
        "nombre": "Martillo",
        "codigoProducto": 119,
        "categoria": "Ferreteria",
        "precio": 13.39
      },
      {
        "nombre": "Aceite de oliva",
        "codigoProducto": 194,
        "categoria": "Alimentación",
        "precio": 3.76
      }
    ]
  },
  {
    "numReferencia": 0,
    "fechaEmision": "20-may-2024",
    "horaEmision": "20::may::2024 13::53::51",
    "cliente": {
      "gasto": 2643.03,
      "dni": "7753780R",
      "nombre": "Luisa Hernández",
      "direccion": {
        "codigoPostal": "28083",
        "nombreCalle": "Calle del Silencio",
        "numeroCalle": 61
      }
    },
    "precioTotal": 17.17,
    "productosFactura": [
      {
        "nombre": "Destornillador",
        "codigoProducto": 159,
        "categoria": "Ferreteria",
        "precio": 14.98
      },
      {
        "nombre": "Muñeca",
        "codigoProducto": 156,
        "categoria": "Juguetes",
        "precio": 28.59
      }
    ]
  },
  {
    "numReferencia": 14,
    "fechaEmision": "20-may-2024",
    "horaEmision": "20::may::2024 13::53::51",
    "cliente": {
      "gasto": 8746.18,
      "dni": "8294927C",
      "nombre": "Claudia Torres",
      "direccion": {
        "codigoPostal": "28025",
        "nombreCalle": "Avenida de la Aurora",
        "numeroCalle": 187
      }
    },
    "precioTotal": 67.53,
    "productosFactura": [
      {
        "nombre": "Esponjas",
        "codigoProducto": 175,
        "categoria": "Limpieza",
        "precio": 2.55
      },
      {
        "nombre": "Arroz",
        "codigoProducto": 32,
        "categoria": "Alimentación",
        "precio": 4.3
      },
      {
        "nombre": "Esponjas",
        "codigoProducto": 191,
        "categoria": "Limpieza",
        "precio": 4.61
      },
      {
        "nombre": "Harina",
        "codigoProducto": 62,
        "categoria": "Alimentación",
        "precio": 2.97
      },
      {
        "nombre": "Tornillos",
        "codigoProducto": 43,
        "categoria": "Ferreteria",
        "precio": 14.73
      },
      {
        "nombre": "Pelota",
        "codigoProducto": 109,
        "categoria": "Juguetes",
        "precio": 23.0
      }
    ]
  }
]